{
  "mappings": {
    "troy/autofish/mixin/MixinClientPlayNetworkHandler": {
      "onEntityVelocityUpdate": "Lnet/minecraft/class_634;method_11132(Lnet/minecraft/class_2743;)V",
      "onGameMessage": "Lnet/minecraft/class_634;method_43596(Lnet/minecraft/class_7439;)V",
      "onPlaySound": "Lnet/minecraft/class_634;method_11146(Lnet/minecraft/class_2767;)V"
    },
    "troy/autofish/mixin/MixinFishHookEntity": {
      "tickFishingLogic": "Lnet/minecraft/class_1536;method_6949(Lnet/minecraft/class_2338;)V"
    }
  },
  "data": {
    "named:intermediary": {
      "troy/autofish/mixin/MixinClientPlayNetworkHandler": {
        "onEntityVelocityUpdate": "Lnet/minecraft/class_634;method_11132(Lnet/minecraft/class_2743;)V",
        "onGameMessage": "Lnet/minecraft/class_634;method_43596(Lnet/minecraft/class_7439;)V",
        "onPlaySound": "Lnet/minecraft/class_634;method_11146(Lnet/minecraft/class_2767;)V"
      },
      "troy/autofish/mixin/MixinFishHookEntity": {
        "tickFishingLogic": "Lnet/minecraft/class_1536;method_6949(Lnet/minecraft/class_2338;)V"
      }
    }
  }
}